,Aquatic root stems_kg,Flower leaves_kg,Flower_kg,Eggplant_kg,Chili_kg,Edible bacteria_kg
Aquatic root stems_kg,1.0,0.4330798038490458,0.20254876761195656,-0.28258792026343066,0.3408986511668835,0.6033831354914917
Flower leaves_kg,0.4330798038490458,1.0,0.44224314524026465,0.18673318263810662,0.588429941602253,0.5781762727633997
Flower_kg,0.20254876761195656,0.44224314524026465,1.0,0.06059564287201853,0.27178508568872106,0.2665923644711095
Eggplant_kg,-0.28258792026343066,0.18673318263810662,0.06059564287201853,1.0,0.07773618894017968,-0.12418564776422117
Chili_kg,0.3408986511668835,0.588429941602253,0.27178508568872106,0.07773618894017968,1.0,0.5282998123089944
Edible bacteria_kg,0.6033831354914917,0.5781762727633997,0.2665923644711095,-0.12418564776422117,0.5282998123089944,1.0
